{"cameraMode":{"drawMode":0,"name":"Shaded","section":"Shading Mode"},"sceneLighting":true,"audioPlay":false,"sceneViewState":{"showFog":true,"showMaterialUpdate":true,"showSkybox":true,"showFlares":true,"showImageEffects":true,"showParticleSystems":true},"in2DMode":false,"pivot":{"x":-11.118106842041016,"y":-3.743999719619751,"z":10.018158912658692},"rotation":{"x":-0.08748786896467209,"y":0.8990306258201599,"z":-0.2103215456008911,"w":-0.3739715814590454},"size":4.768838405609131,"orthographic":false}